<?xml version="1.0" encoding="UTF-8"?>
<!DOCTYPE resources PUBLIC "-//GlassFish.org//DTD GlassFish Application Server 3.1 Resource Definitions//EN" "http://glassfish.org/dtds/glassfish-resources_1_5.dtd">
<resources>
	<jdbc-connection-pool
		datasource-classname="com.mysql.cj.jdbc.MysqlConnectionPoolDataSource"
		name="bloodbankDB" res-type="javax.sql.DataSource">
		<property name="databaseName" value="bloodbank"></property>
		<property name="serverName" value="localhost"></property>
		<property name="user" value="cst8277"></property>
		<property name="password" value="8277"></property>
		<property name="portNumber" value="3306"></property>
		<property name="useSSL" value="false"></property>
		<property name="allowPublicKeyRetrieval" value="true"></property>
		<property name="createDatabaseIfNotExist" value="true"></property>
	</jdbc-connection-pool>
	<jdbc-resource
		jndi-name="java:app/jdbc/bloodbank"
		pool-name="bloodbankDB">
		<description>DataSource for data bank</description>
	</jdbc-resource>
</resources>